,skhynix,naver,kospi,usdkrw,wti,gold,us10y,sp500,nasdaq
2020,0.7726903302325226,0.37534831356543513,0.8373346783248407,-0.0992269110740932,-0.005714918420902406,0.12123566736606554,0.027823934874016843,0.21342645704225383,0.13465163001152855
2021,0.6351967115133267,0.38839392855425897,0.7975458932837798,-0.13950461935556674,0.15293160317308124,-0.08028178164818872,0.16205687496202378,0.09060753774095115,0.06468593135866174
2022,0.7024867443584536,0.5607519809144684,0.7498025084664423,-0.21316457335939543,0.07689329131065012,0.07168521751294404,0.03215631485305827,0.08001429027703491,0.08185835816003005
2023,0.5908527122611422,0.382342930618844,0.660863176303412,-0.16042418462082417,-0.014757236927086173,0.05922927130246284,0.03256003683574893,0.10470833553309701,0.13921131286232794
2024,0.5037833575155449,0.24240375760434738,0.7468290041090934,-0.064657318512525,-0.01720323661570644,0.1380274337459245,0.013054464506405137,0.17426234610960903,0.15617430007722122
