,skhynix,naver,kospi,usdkrw,wti,gold,us10y,sp500,nasdaq
2020,0.7726909574742962,0.3753491125457561,0.8373347367547184,-0.09922732114718376,-0.005714840494964756,0.12123486820227598,0.027824201521904325,0.21342731587760363,0.1346523156750628
2021,0.6351989213951966,0.3883939796430561,0.7975482384946484,-0.13950644307294544,0.15293375995208316,-0.08028007892521902,0.1620594163346388,0.09060575472129588,0.06468322250031659
2022,0.7024868845844324,0.5607534587977897,0.7498025522922125,-0.2131649574861238,0.07689354873521762,0.0716867126336514,0.03215602318485928,0.08001450872613937,0.0818587449670082
2023,0.5908527880933467,0.38234401809364704,0.6608628024696356,-0.16042514785831366,-0.014756920114710768,0.059229364336689426,0.03255924001546155,0.10470860833956863,0.1392115450814818
2024,0.5037833890153507,0.24240318682305936,0.7468289853350503,-0.06465646017798693,-0.01720398213691917,0.1380270763103542,0.013054084279167107,0.17426258864871566,0.15617458157004527
2025,0.5636078279831099,0.23718362300315696,0.7479168822005069,-0.1901162790022401,0.06710047966895483,-0.02115845367946186,0.08041370052938078,0.05206380681926605,0.08255507204639545
